"","x","y"
"1",4.32770957471803,1.4107480912935
"2",4.95703499065712,4.41499964217655
"3",1.27123632817529,1.15406346390955
"4",0.84090041811578,2.33532035606913
"5",1.34690974606201,0.511360517702997
"6",0.304504896048456,0.472421965096146
"7",3.81841112626716,4.06388329458423
"8",2.60631002602167,0.444575786823407
"9",2.72261884179898,4.29892402025871
"10",1.64701282745227,4.31243876926601
"11",2.10313566145487,0.408117524348199
"12",3.77278925967403,0.885862107388675
"13",4.98662564670667,0.531593465711921
"14",4.49599583051167,2.76853754417971
"15",4.70456001115963,1.61436099791899
"16",3.51600757101551,0.58643723023124
"17",0.777051682816818,4.63298781542107
"18",0.666002311045304,2.45468369103037
"19",4.88686088239774,1.87310858163983
"20",3.69759275345132,1.5466480969917
"21",0.153464458417147,0.592647534795105
"22",0.935533018782735,1.02472725207917
"23",3.74477825360373,1.10663477447815
"24",2.13748882524669,4.16093020234257
"25",3.04579308722168,4.76971271215007
"26",3.03339536534622,2.29483735281974
"27",1.72681534895673,1.7883357219398
"28",3.84997140383348,1.2981244106777
"29",4.89628269686364,2.81685546622612
"30",1.38129189377651,2.86477725137956
"31",3.91771756694652,4.79086705716327
"32",0.984287215396762,0.758886691182852
"33",0.172446666983888,2.65376138617285
"34",1.61466793389991,2.24474326125346
"35",2.2399576799944,2.0514360058587
"36",4.4602716085501,1.41453500837088
"37",3.66442431695759,4.24822639441118
"38",2.09568472811952,1.1875783756841
"39",1.84227765188552,3.93080024630763
"40",1.12898832769133,3.43746312544681
"41",2.76237462763675,2.6287539221812
"42",0.999402867164463,3.41089697438292
"43",3.57573176617734,4.88084629992954
"44",2.9473094723653,2.6890200865455
"45",1.25435357331298,2.71103155449964
"46",3.53223201818764,0.639767632819712
"47",2.87075161817484,4.16076540248469
"48",1.021120371297,1.49383717682213
"49",1.57723207375966,2.43159284233116
"50",2.02813883312047,1.94119149586186
"51",2.59271444170736,3.78176275524311
"52",1.00037782336585,3.44777427148074
"53",3.72245429083705,1.66075041284785
"54",3.68136257049628,2.7953223453369
"55",2.93453530292027,2.34301160322502
"56",1.26487102359533,4.23959493637085
"57",1.71224270598032,2.45435153483413
"58",3.31344999955036,1.71926982002333
"59",1.84132796479389,0.149521966231987
"60",4.38136717421003,0.401921506272629
"61",3.3021753327921,3.25282947160304
"62",2.7761356823612,0.454235472716391
"63",3.43208503094502,4.78830750449561
"64",1.40559838153422,0.989511256339028
"65",4.87155341892503,0.985319189494476
"66",3.7819545972161,3.04076999891549
"67",4.44399017607793,4.15540065732785
"68",0.365204587578773,0.0129438540898263
"69",0.685021050740033,0.152110368944705
"70",4.88253766903654,2.0273310772609
"71",0.152604387840256,3.80088118021376
"72",1.29778590402566,3.77518288674764
"73",1.71694692107849,3.6332050152123
"74",2.77487113024108,0.0073635287117213
"75",2.66940423869528,1.63439215859398
"76",1.36123277945444,1.04670686647296
"77",3.2286226854194,4.64957416174002
"78",3.1997775065247,0.187786670867354
"79",1.90216414048336,3.27342597185634
"80",0.541685458738357,1.49434452643618
"81",0.806430869270116,3.89061862486415
"82",3.13514523557387,0.416566301137209
"83",2.37259197514504,3.73786867479794
"84",4.57548698643222,1.06973764137365
"85",2.46986684855074,3.77412754460238
"86",2.52097191289067,0.360737900482491
"87",4.4593299808912,3.73191351071
"88",2.29210266261362,0.68302807980217
"89",0.719914220971987,4.71088481019251
"90",0.198003881378099,4.35902054421604
"91",2.97785888775252,0.745835403213277
"92",0.151816910365596,4.01565926149487
"93",3.04140412714332,3.95305067650042
"94",1.05112286400981,1.99112712522037
"95",0.36583750275895,1.51497875340283
"96",3.48774814978242,1.17822550353594
"97",2.76753627927974,4.85174871399067
"98",1.4403479010798,1.34410623111762
"99",2.52887434558943,3.1486800336279
"100",0.546531662112102,0.415189254563302
"101",2.45806044782512,0.254477520938963
"102",2.30422807391733,3.75348079600371
"103",1.82406032457948,1.7049626854714
"104",1.03831091546454,1.56090440577827
"105",3.74838822521269,1.47881347686052
"106",0.954275977564976,0.321477156830952
"107",1.73001547344029,2.16436917544343
"108",4.32088083471172,4.1508468601387
"109",4.12471882184036,1.74569871742278
"110",1.55642056139186,0.0926561455707997
"111",0.73687813594006,1.30313025903888
"112",2.09125227527693,3.31730836303905
"113",1.06697848648764,0.787327067228034
"114",3.65409647580236,3.8484604342375
"115",4.5129966607783,1.62314656190574
"116",3.7277262005955,3.82904347265139
"117",3.93255305709317,1.76488821161911
"118",2.11361094960012,1.8605772824958
"119",2.81474943738431,4.40878956345841
"120",2.50716856331564,1.59100537770428
"121",4.85802920069546,4.0261391736567
"122",1.27441370626912,1.45025321166031
"123",0.296289615798742,1.289930207422
"124",4.46521328529343,1.01983683998697
"125",2.01089825946838,1.36286736931652
"126",2.05871567130089,2.82110118423589
"127",4.58310429938138,0.0717769307084382
"128",2.50538325752132,3.8679096265696
"129",4.04792994610034,4.07464746152982
"130",3.12263076775707,4.11484117736109
"131",1.58552580862306,4.0923503623344
"132",3.61421793000773,4.72008792683482
"133",2.13062244001776,1.50161151890643
"134",1.08980991295539,1.85358265065588
"135",0.912410347955301,1.9466045871377
"136",3.8487998850178,4.89235885324888
"137",3.51294269436039,3.41352415387519
"138",0.332433524308726,0.509464771021158
"139",3.08865411789156,2.99872656469233
"140",4.06577471178025,4.43217969732359
"141",4.92750663426705,4.38352022087201
"142",0.0569119036663324,1.61738506169058
"143",0.578981285216287,2.73812184110284
"144",3.97429112577811,1.86554412357509
"145",2.20792594947852,1.87624095357023
"146",0.0301746709737927,0.501147961476818
"147",2.87280531367287,3.77906535752118
"148",1.47181229316629,2.47601895243861
"149",3.5969906183891,2.56367380032316
"150",3.8028592907358,4.9003047880251
"151",0.257168051321059,3.47599685657769
"152",1.49889709544368,1.49626385769807
"153",4.73337834235281,4.27930843317881
"154",4.82686391216703,3.89714739867486
"155",1.19160155998543,1.00389035535045
"156",1.28008191706613,3.04062358802184
"157",0.631787613965571,3.8436203065794
"158",4.29723343462683,3.04089131415822
"159",2.73558701737784,0.0802272732835263
"160",0.482015438610688,2.39512032363564
"161",0.182554167695343,4.55275326617993
"162",0.995511297369376,2.58448727196082
"163",0.479532144963741,2.32499797944911
"164",1.22730365023017,3.87029578210786
"165",4.10436188802123,3.98988638538867
"166",3.06605582125485,1.06212774524465
"167",0.264451056718826,0.586806224891916
"168",3.15028417971916,2.95398217625916
"169",3.17044881172478,2.08608677261509
"170",3.46444156137295,3.97519551333971
"171",3.56594470678829,1.14276790292934
"172",2.11708403774537,1.03076748899184
"173",3.97321443306282,4.34205594938248
"174",3.04674537735991,1.27441094489768
"175",2.49292447464541,2.96153888339177
"176",2.11866440135054,2.39142535254359
"177",4.11366399144754,3.65019351243973
"178",3.96907519665547,0.86864274693653
"179",1.60265427664854,3.43796032830141
"180",0.915796043118462,0.486923238495365
"181",1.78330134018324,2.63580294442363
"182",2.64288852806203,0.968829069752246
"183",1.17025089915842,0.182580411201343
"184",2.51910459948704,2.09769392502494
"185",1.90504972822964,1.60685618873686
"186",0.149912032065913,4.40275144646876
"187",3.73497721273452,1.19349361280911
"188",2.06562095670961,3.48535667639226
"189",1.3216431834735,4.78196701034904
"190",4.42890182603151,3.82445155759342
"191",4.5622911315877,1.95788545883261
"192",3.67175893858075,1.16860140231438
"193",3.17561239702627,2.45981463813223
"194",3.17774989409372,4.25689356285147
"195",3.01372605958022,4.66674695489928
"196",3.34418220911175,3.56652656802908
"197",3.0661683017388,2.91980137932114
"198",1.06324152904563,2.72442627465352
"199",0.777299454202875,0.85424930555746
"200",0.757158964406699,0.628758968086913
"201",0.833485070616007,0.275515670655295
"202",1.43835156341083,4.73632686887868
"203",4.90973453270271,2.42529518785886
"204",2.62065028189681,1.63509182399139
"205",0.853436641627923,1.89600773621351
"206",3.2908753270749,2.10594683303498
"207",4.00446577346884,4.11326669156551
"208",0.0943155586719513,4.96487850323319
"209",0.735434173839167,4.59706543944776
"210",1.76208676886745,3.12939057243057
"211",2.31044177548029,4.41374565241858
"212",2.70719638676383,4.81101744924672
"213",1.46600219421089,4.93160631274804
"214",4.51235156157054,2.89816202246584
"215",4.09177308436483,0.136408123653382
"216",1.77888650330715,3.71193655417301
"217",3.8635954761412,2.03712746035308
"218",0.0331308785825968,3.09675265219994
"219",1.52617641258985,4.31025311700068
"220",1.53004776337184,4.22341934056021
"221",1.73625545110554,3.26657180208713
"222",4.49835623381659,0.243610434699804
"223",0.0307233328931034,3.81991672329605
"224",1.06702142395079,1.82796014123596
"225",2.38931975327432,0.206742194714025
"226",3.10794050106779,0.0592924561351538
"227",3.70947064016946,0.267181154340506
"228",2.36206304631196,4.76787723251618
"229",0.240202187560499,4.92315368261188
"230",3.02457503043115,0.381948337890208
"231",3.89314375119284,2.75924836751074
"232",1.93779255496338,4.26863136584871
"233",4.58491099299863,2.76380791678093
"234",2.41503822151572,0.978839910821989
"235",1.81722290348262,4.73223360837437
"236",3.08392183040269,1.86495156376623
"237",4.54338738578372,0.6540094059892
"238",0.247291261330247,4.3415216228459
"239",3.4146795142442,0.697687614010647
"240",4.46601122268476,3.44200454535894
"241",2.28326289216056,0.705959774786606
"242",1.39475603820756,3.68695940473117
"243",2.19411912723444,2.92099870741367
"244",3.39771945029497,0.811214740388095
"245",3.5488185333088,0.212540618376806
"246",2.92011713725515,2.78039875556715
"247",2.90190231869929,2.43968232301995
"248",3.55873092077672,4.06701105530374
"249",1.48707781918347,4.11570213269442
"250",4.20503086177632,1.10049140872434
"251",0.373092005029321,0.136122278636321
"252",3.21025655022822,1.37251493986696
"253",0.106954663060606,1.09025022014976
"254",1.80029967683367,2.4899964989163
"255",2.76652997592464,3.22118744137697
"256",1.79144501918927,0.839600749313831
"257",4.92185276234522,0.667153523536399
"258",2.43896718369797,1.66344720637426
"259",0.890232815872878,1.5620309964288
"260",2.920650531305,2.08679621340707
"261",4.08449166105129,1.36797537561506
"262",3.98403061553836,1.00279683014378
"263",1.83818756369874,3.86174652492628
"264",2.18860172317363,1.87575939344242
"265",3.84418894303963,4.57239828305319
"266",0.103097853716463,4.65460780309513
"267",0.572860882384703,2.14891344425268
"268",3.86874730465934,2.87767027970403
"269",0.333360049407929,2.6892736449372
"270",1.90887246979401,1.26548870815895
"271",4.94984855293296,2.08588393987156
"272",0.205695796757936,4.00567697361112
"273",3.82524781627581,2.10749645484611
"274",3.69852692238055,4.57042909925804
"275",1.61051915492862,0.588803651044145
"276",3.12916588503867,3.29159814398736
"277",0.245548527454957,1.58924728515558
"278",4.27680955152027,3.98568757111207
"279",0.575983928283677,2.62236768729053
"280",4.20394788496196,1.88601805013604
"281",3.18233731319197,4.57833481719717
"282",0.644263502908871,3.10129664838314
"283",4.66655300580896,3.95897016744129
"284",2.09081643028185,4.85366168082692
"285",1.36178507469594,3.06945276795886
"286",4.30811602156609,1.71634728554636
"287",0.904828869970515,2.74369094870053
"288",2.10496718646027,4.80660029570572
"289",4.89320874214172,4.76334935287014
"290",4.84308540471829,2.41856170003302
"291",3.41043365304358,1.00748463650234
"292",4.48912621825002,4.48413799633272
"293",0.927376355975866,3.7676663720049
"294",1.33118966012262,0.538075898075476
"295",4.16431040037423,3.57476064818911
"296",3.314676216105,1.86443219776265
"297",4.20905449311249,1.82065314031206
"298",3.8060665759258,1.00267049972899
"299",2.49339123722166,2.49942752998322
"300",0.494229878531769,0.267488517565653
"301",3.49554878426716,4.65492306277156
"302",3.18722345749848,2.66762856743298
"303",1.12531427177601,4.28441327880137
"304",2.0003872027155,0.259913560003042
"305",4.00995659059845,4.1527930018492
"306",1.76382574019954,0.691137441899627
"307",0.728594160173088,0.748517689062282
"308",4.50215711956844,2.32547569321468
"309",2.5929958652705,4.58225517068058
"310",1.55282213934697,2.23316754680127
"311",4.45015478413552,1.09296515001915
"312",4.63171564275399,2.95769144315273
"313",2.74553128518164,2.81267553917132
"314",1.48730487329885,3.77770824241452
"315",1.22799352509901,0.76350390794687
"316",3.31644369289279,2.65258542727679
"317",1.26852545305155,1.65347829461098
"318",0.955369293224066,1.78825267590582
"319",3.62786409095861,1.6087537095882
"320",2.83506504260004,1.43643298652023
"321",4.61381108034402,2.94312764541246
"322",0.481901990715414,3.47898093401454
"323",1.91719112801366,4.01966103352606
"324",1.16058895480819,4.90592384710908
"325",4.74667886388488,2.31427477905527
"326",4.76071959477849,3.29004441155121
"327",4.87026754184626,4.2964967165608
"328",0.221569875720888,2.10934007656761
"329",1.77144085988402,3.15974044497125
"330",1.86310543096624,1.72329263878055
"331",0.966823771595955,0.670212545664981
"332",2.32939068111591,2.08981763804331
"333",3.56501589529216,1.24361727619544
"334",4.22432180959731,4.52315121190622
"335",1.97341752704233,0.12498976662755
"336",4.62146902573295,2.84713048255071
"337",2.86993430461735,4.20946427271701
"338",2.19434679718688,0.340704942354932
"339",4.40070697339252,0.0031336722895503
"340",2.02785122790374,4.15905532077886
"341",1.73472997965291,0.989535186672583
"342",3.64507425809279,0.872606788761914
"343",0.344093788880855,2.20591748366132
"344",1.98729304829612,0.718674642266706
"345",3.61140392022207,1.81296533322893
"346",1.75728786620311,4.25931296078488
"347",1.67216335772537,2.41682420950383
"348",0.057382273953408,4.70816205488518
"349",3.68680250016041,2.41915790131316
"350",0.679575151298195,1.87690463615581
"351",4.31273939553648,0.434316338505596
"352",4.31574808200821,4.46453184005804
"353",2.84028990427032,1.36079493677244
"354",3.3907861309126,0.439505020622164
"355",2.89331080741249,1.56045707641169
"356",3.86204709531739,0.913441670127213
"357",4.65835277107544,4.97676506754942
"358",1.67857557535172,0.204972949577495
"359",3.10881268116646,4.0991614991799
"360",3.07792187901214,1.24187236535363
"361",1.66899689706042,1.00175731931813
"362",2.85993189667352,4.10891395411454
"363",4.31118445238099,1.26573161454871
"364",3.48863388062455,0.331910433014855
"365",1.78154799854383,1.53638183139265
"366",4.02936268597841,1.86185480444692
"367",1.14946778980084,0.377534832805395
"368",4.38297435175627,2.2992734820582
"369",1.96469881571829,3.16182613605633
"370",3.29135258914903,3.38914396008477
"371",1.24342818628065,3.03669487824664
"372",3.00412866286933,1.65521507617086
"373",3.4255982877221,0.295272201765329
"374",3.5438521229662,2.61780984816141
"375",0.989604755304754,4.56100332201459
"376",2.92730386252515,0.967973277438432
"377",4.43277098587714,1.39753079391085
"378",4.85494144493714,4.36756044859067
"379",2.06038886099122,4.42607640987262
"380",2.88489433005452,1.21175335603766
"381",4.93239104864188,0.191738215507939
"382",2.30842110468075,0.645113416248932
"383",2.18984469189309,0.259398489724845
"384",4.90849983179942,2.05126603366807
"385",2.48955033021048,2.86626933375373
"386",3.1046986929141,3.22820442728698
"387",0.978133567841724,3.84687035810202
"388",4.65431910823099,2.48262076987885
"389",4.02165756444447,2.40838717552833
"390",4.94000181206502,1.66687581688166
"391",1.06638007797301,0.976707900408655
"392",3.63562658545561,1.49236389668658
"393",0.781896263360977,0.324709572596475
"394",2.37342145177536,3.48960620467551
"395",2.22869160119444,0.510830786079168
"396",0.307371233357117,3.96086215507239
"397",4.72856514970772,2.28948962059803
"398",0.428511800710112,2.82805773080327
"399",0.314610057976097,2.92325291316956
"400",2.56815785891376,1.75095153623261
"401",4.92320565041155,4.01438442058861
"402",2.95840854523703,1.36696285451762
"403",1.46870476310141,1.89641095232219
"404",3.29885627841577,0.0882712646853179
"405",3.07361388462596,2.7078017371241
"406",0.885131399845704,1.60576806170866
"407",1.89805472968146,4.37044398160651
"408",4.36702846549451,3.04028472979553
"409",1.80716789094731,2.85964213893749
"410",4.56118358881213,4.5162201137282
"411",0.945426225662231,4.24315877375193
"412",4.48729231953621,2.0657538890373
"413",2.07239780807868,2.29206116404384
"414",0.350624280981719,4.19719388242811
"415",1.60663869814016,1.70760657289065
"416",4.92852894356474,2.89086897857487
"417",2.24824609351344,0.929299867711961
"418",2.81420640996657,1.16436433163472
"419",2.93540165526792,2.03004830982536
"420",0.633505231235176,4.63366552139632
"421",4.92695838678628,4.74638016545214
"422",0.0170182541478425,3.48957133479416
"423",1.48575790342875,2.4010565422941
"424",0.227640715893358,2.55885710590519
"425",1.62568490952253,1.80174266919494
"426",3.08786262990907,0.111818931763992
"427",4.90723497699946,0.255530948052183
"428",1.48077926598489,0.817349869757891
"429",3.75480776303448,0.858110348926857
"430",2.20547383534722,1.73995763761923
"431",3.18321595899761,3.89683035667986
"432",1.76879390259273,4.43626115447842
"433",1.20924091315828,0.111524114618078
"434",2.78083930257708,1.50478476658463
"435",0.101912766695023,0.425918333930895
"436",1.6011388215702,0.689694390166551
"437",2.68801351659931,2.6535268407315
"438",1.2128844007384,2.84885284374468
"439",2.17089624726214,1.51302503421903
"440",3.56941864476539,1.9538064848166
"441",4.76826998754404,0.0423245469573885
"442",1.73714172327891,1.68321098084562
"443",0.124467407586053,3.48234606557526
"444",1.05592573760077,1.88958425889723
"445",0.382833129260689,2.37318484927528
"446",3.08845525491051,3.62150966306217
"447",3.93055190565065,2.83040511305444
"448",1.99268654803745,3.11721262172796
"449",1.19331006309949,4.97822411358356
"450",4.86510915216058,2.22548581077717
"451",3.35082759498619,4.78852378786542
"452",0.355632086284459,1.87823565327562
"453",2.61044278391637,0.796184111386538
"454",0.914344832999632,0.206963099772111
"455",4.65104158036411,3.91726652160287
"456",2.16481545823626,1.68832584167831
"457",1.66151369921863,4.86545914784074
"458",2.99552221200429,0.664206276414916
"459",1.62185542052612,3.46868139924482
"460",0.797103617805988,1.69334008242004
"461",1.14098172751255,0.472451286623254
"462",3.27740514534526,4.41966393264011
"463",1.08018412138335,2.77013935497962
"464",0.125401263358071,3.77096055890433
"465",1.46840917062946,4.10751285613514
"466",0.404920331202447,1.40634943265468
"467",0.0233926111832261,4.67432457371615
"468",4.99519038014114,0.771274553844705
"469",1.97537860018201,0.629605158464983
"470",2.18936687218957,3.72235402581282
"471",4.34454781236127,0.533072580583394
"472",4.78585347998887,4.67623822158203
"473",4.65274512651376,0.677080028690398
"474",3.14356823684648,4.06780113233253
"475",2.11099666892551,0.764936305349693
"476",0.288846213370562,2.5327752053272
"477",0.970240916358307,0.570445419289172
"478",2.44226941140369,4.09344153245911
"479",4.02332875761203,4.3968466820661
"480",2.16127445804887,0.964096856769174
"481",2.53512385417707,2.4412656633649
"482",0.903858006931841,1.88848687219433
"483",3.31020938348956,3.53761482052505
"484",3.20321696577594,3.89714878750965
"485",4.16769993957132,0.468829825986177
"486",2.9633853759151,2.29217432090081
"487",4.41432256367989,0.52647020900622
"488",1.85632518376224,2.35014224192128
"489",4.78376220213249,0.239694603951648
"490",4.22242201864719,1.89645880251192
"491",4.99858697759919,3.79993568756618
"492",4.33074473985471,1.37533375294879
"493",3.46676023676991,4.5952421950642
"494",4.85023211454973,2.81710674753413
"495",4.62840966880322,3.64898113766685
"496",3.02787331049331,4.29034298635088
"497",3.32826717174612,0.947713187197223
"498",2.77393734548241,4.07649117289111
"499",2.70223900326528,0.172943035140634
"500",1.62695532664657,4.41138602560386
"501",1.84065425302833,1.33876228239387
"502",2.20775707974099,2.73843434988521
"503",1.99835045146756,4.68410499976017
"504",1.03010742343031,4.9169381998945
"505",4.66713637928478,0.0310573261231184
"506",1.38386609731242,1.28543025813997
"507",4.48862854856998,4.99534945236519
"508",4.01958480826579,0.442070930730551
"509",4.70043037319556,3.14151768456213
"510",2.61357443756424,1.40201520058326
"511",2.29333297349513,0.465067445766181
"512",4.70338488579728,0.667996063129976
"513",3.56597052770667,0.4733955883421
"514",3.59339076094329,1.20859647286125
"515",3.65720468340442,3.35579898790456
"516",4.35370761319064,0.20107599790208
"517",2.51962489681318,4.75634049391374
"518",1.85864279279485,3.24232384678908
"519",3.79240101785399,3.64328325493261
"520",1.77963783382438,1.46045330562629
"521",0.684777989517897,4.49024227797054
"522",2.27291818941012,0.738055472029373
"523",1.15387582918629,2.16233990387991
"524",4.61261985939927,0.558009251253679
"525",3.6736809858121,4.32181483251043
"526",1.07039916096255,0.572564016329125
"527",3.68387385387905,3.78176247235388
"528",3.86820278596133,0.124058803776279
"529",2.98966980190016,1.34222173830494
"530",2.50471238745376,2.67725653597154
"531",0.163655957439914,0.422770766308531
"532",0.612849083263427,0.499471466755494
"533",2.55184312816709,1.51676827459596
"534",2.43518312461674,1.06230081641115
"535",3.3946631103754,0.579205349786207
"536",3.1434218515642,3.53955190279521
"537",2.24650036543608,2.87931226193905
"538",0.487207635305822,2.10358008160256
"539",2.68609604216181,3.65631462773308
"540",2.74036578135565,3.5068319470156
"541",3.0688051355537,0.191312860697508
"542",0.92382273520343,0.503866716753691
"543",3.70799287455156,1.13731267978437
"544",1.17829830851406,0.39287619641982
"545",4.98306975699961,1.65738554904237
"546",1.4515289850533,1.02552811382338
"547",2.56618988118134,3.19394434452988
"548",0.117597337812185,2.78180693625472
"549",4.85213025123812,1.77344691357575
"550",2.23798691062257,2.77078292798251
"551",3.16904540639371,2.99905842170119
"552",2.87886748206802,1.50652285665274
"553",1.43296566791832,1.2191626697313
"554",2.14649570523761,0.312117163557559
"555",3.87144216685556,3.3506128413137
"556",3.87979812221602,4.5040133933071
"557",1.88588901073672,4.91023328504525
"558",0.145415760343894,2.84482045681216
"559",3.82616438902915,2.77637007180601
"560",2.55511078401469,0.237032384611666
"561",0.73991488199681,1.94365481380373
"562",4.69170316238888,4.99904475058429
"563",4.90434605744667,1.17342275334522
"564",1.85472146142274,2.41826146375388
"565",4.28271760814823,2.13090052478947
"566",2.03436851734295,3.86036018957384
"567",3.0666436383035,3.44926194520667
"568",3.24447700055316,0.983473742380738
"569",2.34363553812727,4.51747195795178
"570",2.28073432226665,2.40709177567624
"571",3.39349504909478,4.06331962556578
"572",2.8186707815621,2.20988362329081
"573",0.0638363626785576,4.47865814436227
"574",3.43729120795615,3.81680618156679
"575",1.51039611198939,1.74145775497891
"576",4.7055270220153,3.2500254327897
"577",0.484737852821127,2.70803413819522
"578",2.40099311573431,3.66963076754473
"579",3.87520703137852,1.6878170426935
"580",1.67127853841521,3.9230457204394
"581",1.8215032981243,2.43449863628484
"582",3.7213803594932,2.06215163343586
"583",2.26830513798632,0.205512745305896
"584",0.15038367593661,4.18057737406343
"585",1.59914785064757,2.06487074727193
"586",1.95708817569539,2.14954651193693
"587",1.35213536093943,2.71056118654087
"588",0.842159137828276,0.82114216638729
"589",4.0452188369818,2.48140065465122
"590",2.73287054616958,2.1326415007934
"591",4.12086968193762,2.74147759773768
"592",2.79840472270735,2.91698393295519
"593",3.27226127847098,2.59690580423921
"594",3.14419095288031,3.53315525688231
"595",4.0405374369584,0.203238640679047
"596",4.69321735436097,0.701476407703012
"597",4.84117999556474,3.0758057127241
"598",3.82371013285592,2.2164745174814
"599",4.84839193755761,3.26753099565394
"600",3.90401928918436,0.393467239337042
"601",0.878732657292858,0.42902119574137
"602",1.09813178307377,4.47796378051862
"603",2.75799080030993,3.85105825029314
"604",3.26714419061318,1.23278764658608
"605",3.38281994569115,4.89729266148061
"606",3.61296253395267,2.45997909223661
"607",2.27873171679676,0.833160127513111
"608",4.8531710205134,4.86250254441984
"609",2.75762304197997,1.66858620243147
"610",4.95225701946765,3.01639202865772
"611",3.10745204216801,0.192744525847957
"612",3.38914153981023,3.12826515757479
"613",2.91966284858063,3.6572512856219
"614",3.21956425788812,2.55547606619075
"615",4.7586606699042,1.43982441513799
"616",2.01108839712106,3.41390114277601
"617",4.14238091791049,4.07379990676418
"618",3.93240301054902,3.26037363149226
"619",1.17904787301086,4.74314546212554
"620",3.37993402034044,1.5046923304908
"621",4.7545387793798,0.452302009798586
"622",0.246957328636199,0.95760568510741
"623",2.10745688760653,1.96407244540751
"624",1.89934114459902,4.39869206398726
"625",4.41504071350209,3.48861061967909
"626",0.26479352847673,3.01271569333039
"627",0.878183511085808,3.28780105570331
"628",0.994837867328897,3.70420407853089
"629",0.897168888477609,4.68953416799195
"630",2.9053510457743,3.32312307087705
"631",4.94446222553961,1.0582112276461
"632",4.23221988952719,1.45288315950893
"633",4.72191171720624,2.95837656361982
"634",4.51090706279501,1.11331666703336
"635",2.49981498345733,2.85189329646528
"636",3.44035469926894,0.187712587649003
"637",3.93996544065885,0.159477924462408
"638",0.634614377049729,3.29335121321492
"639",0.604834094410762,3.33568249363452
"640",1.34412429179065,1.61671322770417
"641",4.46614060201682,2.27194554056041
"642",0.0414322526194155,1.59745278186165
"643",0.801567417802289,2.47761396807618
"644",3.83776545641012,0.078982908744365
"645",1.20778686599806,2.95360420714132
"646",4.5833447331097,1.5107772545889
"647",0.0918722909409553,3.63696976215579
"648",1.91056261537597,0.263717112829909
"649",1.77364518749528,4.98835678212345
"650",0.833840625127777,3.78617058508098
"651",3.50752632715739,4.20025059720501
"652",2.42852148367092,4.18967309989966
"653",2.90071754832752,3.94312310614623
"654",2.76697515393607,1.1769985803403
"655",0.61094505363144,1.11435731058009
"656",3.35741110611707,1.0413267754484
"657",1.22519626514986,2.45201045065187
"658",0.0864845688920468,3.86640134616755
"659",4.61558480863459,0.340228819986805
"660",1.59427860984579,4.52562294667587
"661",2.18691551941447,1.11226237961091
"662",2.41056475089863,2.26406090776436
"663",0.388839629013091,3.75123316189274
"664",3.92846251837909,2.02108802157454
"665",0.680072107352316,1.73504051403143
"666",4.90603063837625,0.547792529687285
"667",0.526908193714917,3.19611923769116
"668",0.0712240382563323,2.1669476327952
"669",4.73120462847874,0.904145612148568
"670",4.93423346197233,3.78037862363271
"671",2.31555325794034,1.55793525278568
"672",1.61274420563132,3.65701473783702
"673",0.787899127462879,3.29475307138637
"674",1.66783626191318,4.6909880626481
"675",2.34062733594328,1.96747925365344
"676",2.84612007206306,2.86988369538449
"677",1.92758625256829,1.70356822083704
"678",0.178522809874266,0.916597447358072
"679",4.22156061162241,2.17711654258892
"680",1.73467820859514,3.37860003462993
"681",1.14298602566123,4.72993605188094
"682",1.431502396008,3.35113684996031
"683",1.53155479580164,2.6331730291713
"684",3.66668696864508,4.66618036618456
"685",0.0220126856584102,4.83683769474737
"686",2.34046047320589,3.66189796244726
"687",2.61894088354893,1.26555158989504
"688",0.620086780982092,2.18377822660841
"689",4.09032423631288,4.87989457440563
"690",4.9906363314949,0.379186404170468
"691",3.88477273285389,3.03049408947118
"692",3.28772997483611,3.77559678279795
"693",4.53529112506658,3.67077413015068
"694",0.262097311206162,3.90448773163371
"695",3.84475048747845,3.6896036262624
"696",4.13865045178682,0.981579690705985
"697",2.98846269142814,2.39407888962887
"698",3.31966831116006,2.85878926049918
"699",4.2259037704207,0.854310959111899
"700",3.75184518285096,3.4333702607546
"701",3.8724271079991,3.80948260542937
"702",3.13386635272764,3.4885440999642
"703",2.18515715445392,2.44779855711386
"704",1.28350665327162,1.01676138467155
"705",0.878442127723247,0.0659085914958268
"706",0.532967461040244,4.6646282216534
"707",4.61575362016447,3.02930428064428
"708",3.54396180482581,0.779018168104813
"709",1.19180513662286,3.110993639566
"710",2.20666285604239,0.193358859978616
"711",3.18040438462049,4.59746018634178
"712",3.05007876711898,2.03294164966792
"713",4.14971989928745,2.26265481789596
"714",2.80957985902205,0.00857665785588324
"715",3.66292824270204,3.64388489397243
"716",0.11528252158314,0.207764536608011
"717",4.77262237807736,1.55476169427857
"718",2.26315098814666,1.30870153778233
"719",0.167112913914025,1.89657656243071
"720",4.75293974974193,2.53964832983911
"721",0.916876947740093,3.3280702563934
"722",1.2084256822709,4.45698983152397
"723",4.11357135511935,2.81412876676768
"724",2.5374632072635,4.05694131972268
"725",0.812150817364454,3.94344721804373
"726",3.9908845257014,0.497217153897509
"727",2.52076928853057,1.07624178868718
"728",1.40572700183839,4.34307933202945
"729",1.15784956491552,1.40868968563154
"730",1.85078856535256,4.39580883830786
"731",1.36718369205482,4.75148919038475
"732",3.7396754976362,2.88760356605053
"733",1.62811569636688,4.84453285927884
"734",3.81935414625332,1.43380283727311
"735",3.6833014828153,1.46787372417748
"736",1.00711893988773,2.56869364995509
"737",0.614596504019573,1.61493955063634
"738",3.71649951674044,4.23019067267887
"739",4.96470735757612,3.13155649811961
"740",2.50933605129831,0.0611208379268646
"741",3.76722259330563,3.23689256212674
"742",1.97868800722063,1.17949982988648
"743",4.93984921253286,3.09086282271892
"744",4.53036875231192,4.20723187969998
"745",0.906329802237451,1.22507753665559
"746",1.34132410399616,0.710172085091472
"747",2.6489240443334,2.54885617992841
"748",3.53925075149164,2.36486216075718
"749",3.94949698122218,1.40869054710492
"750",1.44133939524181,1.42792112776078
"751",1.76813747035339,4.26928485510871
"752",4.71769101452082,4.34670595102943
"753",3.15724610933103,3.93461830099113
"754",1.96846158709377,2.81141828862019
"755",1.25411416403949,2.37025213660672
"756",0.0722013413906097,2.72264964063652
"757",2.62262563803233,2.20822671195492
"758",3.06590998312458,4.58561012404971
"759",3.6681737145409,2.46589595684782
"760",4.17945285793394,3.30285067670047
"761",0.611469929572195,4.58950498141348
"762",4.6201290586032,1.40975325601175
"763",4.34618512052111,3.93765023560263
"764",1.08533196151257,0.692649378906935
"765",3.98410413647071,3.9930107886903
"766",2.11192670394666,0.400744853541255
"767",2.88560321554542,4.92402654956095
"768",0.33337653032504,0.346702935639769
"769",1.14784399047494,2.64356802217662
"770",4.30884460452944,1.78943716455251
"771",3.67081391857937,0.43044789112173
"772",1.51250573690049,0.576365850865841
"773",1.53934899717569,3.84680861607194
"774",2.14284951100126,4.46196279255673
"775",2.69486507051624,4.76956006139517
"776",0.472696238430217,4.55127316177823
"777",1.3649061974138,4.53516612295061
"778",1.99898021877743,2.47731990297325
"779",0.170696554705501,0.21256041363813
"780",4.67632196377963,0.545639243209735
"781",3.37700394331478,0.551625727675855
"782",1.50425406754948,4.74275795510039
"783",0.307426899671555,3.03454250330105
"784",1.38037094380707,0.519746266072616
"785",2.48993916553445,3.35112730739638
"786",4.51971179107204,1.12436392577365
"787",1.37707286747172,0.161165073513985
"788",4.31321453186683,3.00448426511139
"789",0.0510929140727967,0.687919951742515
"790",0.34966096514836,0.849136454053223
"791",3.07481794501655,2.09937928593718
"792",0.86856558569707,2.1494360815268
"793",3.03369808360003,4.19479203992523
"794",0.0739695667289197,0.292041462380439
"795",3.94713012035936,0.902485380647704
"796",3.21950450539589,2.36218283534981
"797",2.27899804129265,4.37461810419336
"798",4.27757238037884,4.26200078451075
"799",1.78160925046541,0.542474780231714
"800",3.09699417091906,0.025663748383522
"801",3.4845586901065,0.56020844145678
"802",0.115896624047309,4.86515830620192
"803",1.07149136019871,3.28257936402224
"804",2.7120339742396,1.70388522557914
"805",2.57040763506666,2.02174109523185
"806",0.86683789966628,3.85050848009996
"807",2.90944939828478,4.06860619550571
"808",1.98256983538158,0.739115800242871
"809",4.75006346823648,1.07404010486789
"810",1.81507075205445,3.37869662209414
"811",1.69298146152869,3.19504770217463
"812",3.95635341643356,0.990350693464279
"813",3.41945461230353,1.8098961096257
"814",2.15315152192488,4.67184687615372
"815",4.28559809923172,2.8355122206267
"816",2.86374689894728,3.42728287563659
"817",4.56198141095228,2.38035922753625
"818",3.38624869356863,2.55088383681141
"819",4.7124048625119,1.7324075254146
"820",2.65211482183076,2.01350042130798
"821",0.876177105819806,0.767631678609177
"822",4.84847734449431,3.22852612705901
"823",3.08843140024692,0.150235297624022
"824",4.54753868631087,2.17756717815064
"825",2.57349360967055,0.578222601907328
"826",2.63404372381046,3.87380884843878
"827",1.47830356145278,2.44265274261124
"828",3.25857351301238,1.5591246727854
"829",0.188539205119014,0.594302371609956
"830",1.23262360226363,0.558736884268001
"831",3.64203331642784,1.0713080863934
"832",2.43678928702138,0.970673664705828
"833",0.0323664420284331,3.82762411492877
"834",0.768399172229692,3.44068377045915
"835",3.99384206393734,3.23453019373119
"836",2.02704293653369,1.70651370077394
"837",4.64001734275371,4.13427514140494
"838",1.0188457777258,0.470236678374931
"839",1.81936553330161,1.68126302654855
"840",3.94803117727861,0.578212356194854
"841",0.0361103471368551,1.97938044671901
"842",2.2619546414353,4.50055132154375
"843",0.382484580622986,1.30274205002934
"844",4.61203375714831,4.75608607404865
"845",1.28073684521951,0.876460168510675
"846",1.26732909702696,3.16120939212851
"847",3.21343059884384,3.68521960102953
"848",3.26402243925259,4.87752347253263
"849",2.82137235742994,3.68056686478667
"850",2.37769340164959,1.18833627668209
"851",4.26433278247714,0.203877793392166
"852",4.05426421551965,2.01445632264949
"853",3.41428312822245,0.515951188281178
"854",4.9487230880186,1.72044704202563
"855",1.06344263302162,1.81495169759728
"856",4.21660792548209,1.10225416137837
"857",3.42882834956981,1.3550076354295
"858",0.339110991917551,3.09672348434106
"859",4.58737822715193,4.98156320420094
"860",4.50184189714491,1.77447327645496
"861",2.56834104307927,4.09338081954047
"862",0.879336521029472,3.83979217847809
"863",2.16878160252236,4.07173464191146
"864",3.42095908592455,2.34003486926667
"865",3.2938736921642,1.40711191575974
"866",4.92985735530965,1.79533221293241
"867",3.25280822697096,0.340744296554476
"868",1.85101627372205,0.421751918038353
"869",2.35619924962521,3.7177881563548
"870",1.97455768473446,1.73904481111094
"871",2.86392187117599,0.730220599798486
"872",4.80066957883537,1.57692454988137
"873",4.09389904583804,1.09373386832885
"874",1.1556175921578,1.57267327187583
"875",2.83556908951141,3.65994349704124
"876",2.10752369370311,0.482945886906236
"877",2.95740841538645,4.3969881918747
"878",3.94545521936379,4.00454847491346
"879",4.90377489593811,0.978008650708944
"880",2.45857817004435,4.41018235404044
"881",0.585186021635309,4.67568023479544
"882",0.309602690394968,3.70434159063734
"883",4.62186470278539,2.97325540799648
"884",0.388638388831168,0.791318716946989
"885",1.15871453424916,3.60342467902228
"886",0.0464304722845554,4.43158682435751
"887",4.90578756784089,4.79263711720705
"888",3.05590567644686,0.629816619912162
"889",3.47350413328968,0.300773944472894
"890",2.41353214718401,3.29511341871694
"891",1.84170061955228,3.54916766984388
"892",4.64179909555241,2.90636584279127
"893",4.71829678746872,0.515925765503198
"894",3.97480645566247,0.574761567404494
"895",2.80156258842908,0.987074738368392
"896",0.892139615025371,2.04986803582869
"897",0.118163648294285,1.07152820099145
"898",2.44317767792381,3.41420948505402
"899",2.3268237512093,1.949491990963
"900",1.68315264279954,2.27872839081101
"901",0.499959416920319,2.29288801085204
"902",2.71315063582733,1.95060767582618
"903",1.56893899315037,0.760259521193802
"904",1.03297556983307,2.88337523234077
"905",4.44593725260347,4.4868234556634
"906",0.63247115816921,1.77717090817168
"907",2.57022958714515,2.31101270765066
"908",4.80851786327548,4.78068316937424
"909",1.0217768594157,2.25145742297173
"910",4.90605449187569,1.58612786093727
"911",0.166569120483473,2.04256043420173
"912",3.89891902683303,1.34987680474296
"913",2.71967402775772,1.32213545730338
"914",0.549189668381587,2.43202377459966
"915",0.152854905463755,3.35149805760011
"916",0.660554232308641,4.53326521324925
"917",3.51774621754885,1.415857312968
"918",0.275789314182475,0.92931326595135
"919",2.96265693148598,0.536719056544825
"920",2.16744849807583,1.56759590608999
"921",3.2216302852612,2.14844381785952
"922",2.16567423194647e-05,2.80514681013301
"923",4.53256040695123,4.2943170235958
"924",4.30899442289956,0.938966291723773
"925",3.93821522593498,1.91614312585443
"926",3.41874184086919,4.99499020865187
"927",0.91736636008136,2.83665776718408
"928",1.02627421030775,0.635265494929627
"929",2.32793107512407,1.64367846329696
"930",0.425523798912764,2.50447257072665
"931",4.97697224724106,4.15213180123828
"932",0.854248376563191,1.85752981342375
"933",2.49816542258486,2.96764503465965
"934",0.589288730407134,2.49535859678872
"935",1.75675549195148,4.15784996584989
"936",1.40572912059724,3.3424368663691
"937",2.34384367242455,0.10413886164315
"938",1.49888961925171,3.63695843494497
"939",4.03249344788492,0.621762338560075
"940",2.46928677428514,2.07527569145896
"941",4.70371216419153,3.03971704910509
"942",3.86098475195467,2.08416607580148
"943",1.50350047159009,3.57812526635826
"944",4.19763290905394,3.79222110961564
"945",1.43337374203838,3.79534745472483
"946",1.77445598063059,4.70930584706366
"947",3.79646259825677,3.56362124788575
"948",0.00185592798516154,4.75637484807521
"949",3.33054285030812,2.17756492667831
"950",4.63127537397668,3.70413021068089
"951",2.79669204261154,0.0895298318937421
"952",3.23025310179219,4.35739566572011
"953",0.212229476310313,4.68164740130305
"954",0.779996911296621,2.25892953225411
"955",1.86170965549536,3.59738518134691
"956",4.27386065828614,2.58015200961381
"957",4.873809897108,4.03973238775507
"958",2.55629971157759,4.44898325600661
"959",3.16340079414658,3.31604364095256
"960",1.06101929210126,3.78618815215304
"961",3.73113242560066,4.55152112059295
"962",2.53087502438575,0.569852127227932
"963",3.43738121213391,1.0330762132071
"964",2.26653763093054,2.32796662137844
"965",3.10932389576919,2.40976458531804
"966",0.124779982725158,2.30295495595783
"967",4.50275076087564,2.28668099385686
"968",2.39540144568309,2.74726361734793
"969",3.43152361689135,2.97665782971308
"970",1.78490713471547,3.35157077526674
"971",0.0657540454994887,0.603698897175491
"972",4.84542020130903,0.0141936866566539
"973",4.38131309929304,4.31387388263829
"974",2.6692605111748,0.332799387397245
"975",2.73305182927288,4.5257507043425
"976",4.74899634718895,3.63279834273271
"977",2.91074004722759,1.44673923845403
"978",1.55617119977251,0.762214474380016
"979",4.67426746967249,0.681563647231087
"980",1.19901541736908,4.28812035592273
"981",4.07748232712038,4.08021342940629
"982",2.79110957984813,3.62936130142771
"983",1.71065347967669,4.08997234539129
"984",1.1316529114265,1.14529670448974
"985",3.90423614997417,0.418944421689957
"986",4.1153361578472,0.0941775238607079
"987",4.0250722435303,0.083570642163977
"988",3.31390734645538,4.25012286752462
"989",4.45001877378672,0.685030313907191
"990",3.78033196670003,1.30698791239411
"991",2.65399292693473,0.703786800149828
"992",2.82158329500817,0.26944326935336
"993",1.8470334156882,1.28588780527934
"994",0.262481295503676,3.26531383907422
"995",0.335736935958266,0.551553466357291
"996",1.34344424935989,2.84302508924156
"997",3.99435190134682,1.82325796224177
"998",2.03409769921564,4.70366667490453
"999",0.804809603141621,4.72287713666447
"1000",4.03847738052718,4.33214807650074
"1001",1.64996828418225,2.87075702100992
"1002",0.331877182470635,2.16939147328958
"1003",0.50238567055203,0.245490104425699
"1004",4.03863954474218,2.45761002413929
"1005",4.21474818373099,4.63668650365435
"1006",1.70100440853275,0.246614878997207
"1007",1.20335757732391,2.76256375014782
"1008",2.6802338345442,3.85357428807765
"1009",3.05927535984665,0.735360096441582
"1010",0.0145526009146124,4.43444562377408
"1011",3.70406190748326,2.69100476871245
"1012",0.455249299993739,0.908546630525962
"1013",2.19194768811576,4.86265156767331
"1014",3.67543447529897,0.100769742857665
"1015",3.626045784913,0.664672562852502
"1016",1.87390656326897,4.88631098647602
"1017",0.491476267343387,0.0949477218091488
"1018",3.24012707453221,3.91061374451965
"1019",1.17555624921806,3.75465495511889
"1020",3.5218883480411,2.22827244433574
"1021",1.05548319872469,2.06504735630006
"1022",3.06859724223614,0.929390785750002
"1023",3.72615151922219,0.00114921713247895
"1024",4.0867197199259,2.53770219278522
"1025",1.59577008686028,4.28376862546429
"1026",4.93598360801116,2.48736620415002
"1027",0.823149668285623,0.719227717490867
"1028",0.580405740765855,4.47941496269777
"1029",3.16328866523691,3.73665099381469
"1030",4.95251938118599,4.13373602088541
"1031",3.78718158230186,4.65680992347188
"1032",4.04610725352541,3.8361607270781
"1033",4.30063017876819,2.64553058543243
"1034",4.89204916520976,3.43303194851615
"1035",2.98866098513827,0.622290071332827
"1036",4.13370725582354,2.19567213440314
"1037",0.288298040395603,0.599759636679664
"1038",1.95870192139409,0.0282285397406667
"1039",1.18763883947395,2.78370157117024
"1040",1.36902750004083,3.86565660359338
"1041",3.33224883535877,3.53158403304406
"1042",3.68164698011242,4.6223245409783
"1043",1.78928411682136,2.74502034531906
"1044",1.66229797294363,1.69873300008476
"1045",4.17443640879355,0.750213674036786
"1046",4.59107729024254,2.46837768820114
"1047",2.64203531434759,1.61572224460542
"1048",3.70358413667418,3.62266751471907
"1049",0.0426487484946847,2.30565719422884
"1050",2.47534422320314,0.93318467377685
"1051",4.65746676665731,0.394980867858976
"1052",2.17189099523239,0.857462284620851
"1053",3.5581989295315,0.353605574928224
"1054",2.72823567152955,4.50228043599054
"1055",4.64150726329535,2.17122080270201
"1056",0.851352440658957,3.15417426172644
"1057",4.74228402832523,3.94240534864366
"1058",3.52159063215367,4.25550710526295
"1059",2.2454566298984,3.4964451927226
"1060",4.36695631127805,1.00773036596365
"1061",4.68480021809228,4.19009577250108
"1062",3.21968630771153,0.656622999813408
"1063",0.369935323251411,0.473015181487426
"1064",3.7238402327057,0.810300732264295
"1065",3.17486753687263,3.81347919930704
"1066",1.86363501823507,2.89670056081377
"1067",2.07245373632759,1.95694993832149
"1068",1.94726729183458,0.172375001711771
"1069",4.18997332453728,0.372881720541045
"1070",3.54384329169989,0.794115345925093
"1071",2.71623165695928,4.18470486649312
"1072",4.80763252824545,0.770607478916645
"1073",4.85174149856903,1.80794403073378
"1074",1.7832376412116,0.864050870295614
"1075",1.1132823524531,0.399575547780842
"1076",2.53844989463687,1.41928921453655
"1077",1.2433061376214,2.36489468137734
"1078",0.106744701042771,1.23496020678431
"1079",1.01460380014032,4.76665946189314
"1080",2.19478200189769,0.425612046383321
"1081",2.69518414163031,2.32608843711205
"1082",3.04751298157498,0.146772164152935
"1083",1.70894167385995,4.54432862461545
"1084",4.07734313048422,2.49490508344024
"1085",0.587494405917823,2.2563515487127
"1086",3.493532120483,2.94589146738872
"1087",2.19452250632457,0.703126736916602
"1088",0.921482911799103,0.949521904112771
"1089",2.49326558317989,1.02194372098893
"1090",4.57076766411774,3.35402417345904
"1091",1.09996069222689,2.83835466718301
"1092",2.00479448074475,3.1885247991886
"1093",2.63749964651652,4.63508793851361
"1094",3.07117857271805,1.99191113119014
"1095",4.68691111309454,4.87284606904723
"1096",1.77151700598188,1.75346392672509
"1097",1.9024427968543,2.6331476541236
"1098",3.3331097161863,2.1049049787689
"1099",4.1074475098867,2.59931904147379
"1100",2.6602396927774,4.92780987173319
"1101",2.21221552812494,0.96040235250257
"1102",3.58243499067612,0.347380466992036
"1103",2.50076780794188,2.78168259304948
"1104",2.1576602186542,0.392407577019185
"1105",0.214452958898619,4.0183091617655
"1106",3.30666919704527,4.21244167373516
"1107",2.95253574033268,2.37521937699057
"1108",0.0860445853322744,0.409807527903467
"1109",3.11426615458913,1.32353541557677
"1110",4.04748175060377,2.77808375540189
"1111",0.539353154599667,1.35546350502409
"1112",4.39401703537442,3.460440490162
"1113",0.0490636320319027,0.605551888002083
"1114",1.69745087623596,0.999306924641132
"1115",3.85789079591632,2.90756081347354
"1116",0.2438838488888,2.40946844103746
"1117",4.90052685141563,1.61167924990878
"1118",4.5327483699657,3.4048173611518
"1119",4.99267972772941,1.79580341093242
"1120",1.55728222685866,4.09054713207297
"1121",4.08150702249259,0.444266704143956
"1122",2.92049767100252,1.61685806117021
"1123",4.72810613573529,4.0771130961366
"1124",3.37828607531264,0.975453552091494
"1125",3.71619898593053,3.92388637876138
"1126",4.52603373443708,2.80212111771107
"1127",2.46622106409632,1.82423913967796
"1128",4.14947058656253,0.898382971063256
"1129",4.62432350497693,1.68126093107276
"1130",3.69827615912072,0.19325980450958
"1131",3.48651103442535,3.63225444336422
"1132",3.0275556514971,2.56676501245238
"1133",0.158637136919424,2.91769040632062
"1134",3.53527724626474,2.31602022890002
"1135",1.72005564090796,4.06459688441828
"1136",1.28035325906239,3.06583415833302
"1137",0.697060668608174,0.524117276072502
"1138",3.34437181358226,3.60600047744811
"1139",3.50529094459489,1.81655287393369
"1140",4.59463380626403,0.133013946469873
"1141",2.43820060044527,4.96742802904919
"1142",2.82119299517944,3.06013654684648
"1143",1.28403572947718,2.15303921722807
"1144",0.563642057823017,3.65243550040759
"1145",3.64557612105273,4.72543668467551
"1146",2.499951942591,3.86888655484654
"1147",0.269622919149697,1.79424068308435
"1148",1.67583949049003,4.07885215478018
"1149",0.739572482416406,1.38994323089719
"1150",3.43053196556866,4.60683242650703
"1151",2.98546551610343,0.684976725606248
"1152",1.12150912405923,0.985807069810107
"1153",0.552819984732196,1.90230482607149
"1154",4.36755793169141,2.5871055922471
"1155",4.83408512547612,1.97141375625506
"1156",0.983737373026088,3.34689018782228
"1157",1.37824189616367,4.0105739410501
"1158",1.19256274774671,4.65831472654827
"1159",3.39473579660989,4.88319725496694
"1160",4.66782346833497,0.913338083773851
"1161",1.54093590332195,2.28779836674221
"1162",3.26235001324676,4.03590147849172
"1163",1.59869070863351,3.82917777867988
"1164",3.88653491041623,1.25154575798661
"1165",0.290706400992349,1.89280825317837
"1166",2.52898430568166,0.279210456646979
"1167",3.73287487076595,4.65444629313424
"1168",1.56506165745668,1.13637872505933
"1169",1.26072489307262,3.05532872793265
"1170",2.34762868727557,4.27721437765285
"1171",4.39768824260682,1.02632434573025
"1172",4.47584187262692,2.15823915088549
"1173",1.65182747296058,0.849737394601107
"1174",3.51307891774923,4.96643967111595
"1175",1.57167145516723,2.65856039710343
"1176",4.41044742125086,4.67060858849436
"1177",1.64997436804697,1.29286137642339
"1178",3.54037411976606,0.585398126859218
"1179",0.755300918826833,1.91787131247111
"1180",3.69653018075041,2.37139706965536
"1181",1.76747552468441,1.99753597495146
"1182",3.33705341327004,2.54056838923134
"1183",2.54438535310328,2.17331151477993
"1184",0.485780196031556,3.41357398661785
"1185",4.73769815638661,0.242884251056239
"1186",3.16920186160132,2.49413717188872
"1187",4.15205834200606,4.09518996835686
"1188",1.5414471947588,4.95091512217186
"1189",3.33917643176392,4.7580844478216
"1190",3.54609571397305,4.86677198903635
"1191",4.50830572401173,2.87714384496212
"1192",4.51328944065608,2.4040253739804
"1193",4.81162253418006,2.969530421542
"1194",1.70588440261781,1.56378443818539
"1195",3.82746273535304,3.59812894137576
"1196",3.42242198763415,4.3011909397319
"1197",2.98063455615193,3.44338209135458
"1198",0.300770363537595,3.46430082572624
"1199",2.78407343779691,2.07729205489159
"1200",1.07861740514636,3.03701222408563
"1201",4.49990237131715,3.87667199596763
"1202",4.45525544928387,2.75698440033011
"1203",2.18479529372416,2.53758298582397
"1204",3.67575127631426,1.70629352098331
"1205",1.37515361537226,3.60626774723642
"1206",2.12665214552544,4.12848537438549
"1207",2.18372044735588,4.90760461310856
"1208",3.75785349984653,0.658885950688273
"1209",4.79985126527026,3.74100854038261
"1210",4.10125367692672,4.74898442160338
"1211",3.29350690473802,0.207371140131727
"1212",1.54431825270876,3.85361466207542
"1213",3.81313442136161,3.91561182565056
"1214",4.20920975506306,2.0170315541327
"1215",3.12982708215714,4.37457098159939
"1216",2.07452395698056,3.98221825947985
"1217",2.35868500196375,4.58760311128572
"1218",2.25453274557367,0.311967713059857
"1219",0.960280662402511,2.20241397735663
"1220",1.8541510112118,3.92383696744218
"1221",0.89257727144286,4.88603154546581
"1222",1.33094036253169,0.813333699479699
"1223",2.23010660498403,1.6983950836584
"1224",3.20334952673875,2.85663273767568
"1225",2.14514050632715,4.77583605563268
"1226",2.98980960156769,3.96366928587668
"1227",3.14049746026285,4.47358006611466
"1228",3.37152837892063,0.817647869698703
"1229",0.477583148749545,1.21438332949765
"1230",3.04960814653896,1.59850477124564
"1231",2.44584634900093,3.88318985351361
"1232",0.694395973114297,3.65581362042576
"1233",2.55921265808865,4.75267735309899
"1234",3.69287081761286,2.41375851677731
"1235",2.47582546435297,3.60629472299479
"1236",3.66258106660098,2.34916834742762
"1237",0.299103525467217,2.62791812070645
"1238",1.57565948786214,0.471856520744041
"1239",1.027732915245,0.00794651219621301
"1240",3.5471255495213,1.16342779132538
"1241",0.764060269575566,1.78549351519905
"1242",0.255461427150294,0.126264910213649
"1243",3.99708599317819,4.4038997835014
"1244",0.695922777522355,2.41508241277188
"1245",2.97493882477283,1.99161315686069
"1246",3.15864606294781,4.28665425861254
"1247",1.21575589058921,3.92713094246574
"1248",1.09030401217751,4.49445386650041
"1249",1.08447423554026,4.20758215826936
"1250",0.664438792737201,4.75056604831479
"1251",3.76776133547537,3.01336533622816
"1252",2.45309899095446,4.20856604236178
"1253",4.76651369594038,4.97118982137181
"1254",0.00804512877948582,4.20907462481409
"1255",1.80631756200455,0.113614137517288
"1256",1.62954305065796,4.91659285267815
"1257",0.0556442432571203,1.48040827130899
"1258",4.23622038564645,0.599061431130394
"1259",0.919802950229496,1.40496403328143
"1260",2.684810514329,4.17462365585379
"1261",2.55327983992174,4.14564677863382
"1262",3.39403347228654,0.923456124728546
"1263",4.71516875550151,2.15499589918181
"1264",0.44946224661544,4.12784464540891
"1265",2.68300738418475,0.46515527414158
"1266",2.84055330557749,2.08877847762778
"1267",0.247293988941237,3.88051639311016
"1268",3.20793636608869,1.26642512972467
"1269",4.86237875069492,0.404815807705745
"1270",3.67831872776151,0.470194786321372
"1271",2.32708600349724,1.81705621769652
"1272",0.535803685197607,1.64492668467574
"1273",4.19616248342209,0.273897491861135
"1274",2.72000243421644,4.05558190774173
"1275",2.47149579343386,4.08936854102649
"1276",2.70967338932678,1.88247189274989
"1277",0.654850262217224,0.602949853055179
"1278",1.29986417596228,0.376894731307402
"1279",2.89688558317721,3.72695199330337
"1280",3.25586161226965,1.28259004326537
"1281",4.9316559615545,1.6946247627493
"1282",0.624701059423387,3.26294413069263
"1283",2.20325367874466,0.509191564051434
"1284",4.53083946253173,4.43300567218103
"1285",2.84635557676665,4.10165913286619
"1286",4.84977193293162,0.68705947836861
"1287",4.4785696757026,2.85721482243389
"1288",3.39889203431085,2.05464841448702
"1289",3.04346343735233,0.111666362499818
"1290",0.958985474426299,3.08925972203724
"1291",3.51064594578929,0.473779133753851
"1292",2.46141605195589,2.3490958136972
"1293",0.332329315133393,1.62193383555859
"1294",4.14737113169394,4.84984279493801
"1295",0.527385927271098,1.73845564830117
"1296",0.0891410140320659,0.78305117203854
"1297",3.41065417625941,4.95990435942076
"1298",3.32332129473798,4.38473530695774
"1299",4.77786129456945,4.75035670213401
"1300",3.02857749047689,2.05702109495178
"1301",3.67926416220143,0.220841098343953
"1302",3.93366163945757,3.65408214391209
"1303",4.51406497741118,4.67712187790312
"1304",2.40852656657808,1.5788240742404
"1305",1.74653263413347,4.26112636807375
"1306",1.15574500989169,4.78391186567023
"1307",4.11675549810752,2.79604809475131
"1308",0.141706439899281,1.37080017360859
"1309",2.9355725471396,1.83450796990655
"1310",2.12732580024749,2.21919080009684
"1311",1.59967970103025,1.94258756004274
"1312",1.78915850818157,1.60813275608234
"1313",3.37796893552877,0.375374680152163
"1314",3.01866195630282,1.72794957063161
"1315",2.17483010841534,1.04490179335698
"1316",2.79244897537865,4.2420091025997
"1317",0.697164079174399,2.63987580547109
"1318",0.40077620302327,4.93876756052487
"1319",2.90315764024854,0.991016692714766
"1320",3.90846133232117,4.27737535908818
"1321",3.07940640137531,2.38863814040087
"1322",3.69311968446709,0.018510464578867
"1323",1.93675268557854,4.5994244038593
"1324",1.24687599833123,3.69215654092841
"1325",3.64436695468612,3.65464014699683
"1326",1.98231531074271,4.34212850290351
"1327",2.26326955598779,2.48940386692993
"1328",1.42877815407701,2.18258674722165
"1329",2.53717703744769,1.83381927199662
"1330",3.23724272660911,1.63791703060269
"1331",4.06666700844653,1.73064947361127
"1332",2.69823865382932,4.9217642028816
"1333",2.32256582239643,2.52210738952272
"1334",4.18597949901596,3.78069897647947
"1335",2.63933987356722,2.31063493993133
"1336",2.38695019856095,2.81455860473216
"1337",1.32117291446775,3.78419566433877
"1338",1.85570027213544,4.23364038928412
"1339",4.15760695352219,2.92100136401132
"1340",2.50973435351625,3.13654333469458
"1341",3.15170815447345,2.14273458928801
"1342",0.410679811611772,4.55523471231572
"1343",1.43095859210007,4.3375144188758
"1344",4.71971960738301,3.84690272738226
"1345",4.77462544688024,3.4682000358589
"1346",3.03291932446882,2.94687695219181
"1347",2.92741216719151,0.871039669727907
"1348",0.287750069983304,4.94707155390643
"1349",3.25720217893831,2.98267431091517
"1350",3.32149487105198,3.58729663072154
"1351",4.67205129796639,0.0160243222489953
"1352",0.965215779142454,1.71629979042336
"1353",0.678286819020286,4.54184202710167
"1354",3.64061550120823,1.44731542211957
"1355",3.5184344521258,1.11494595417753
"1356",3.89369745273143,3.76773767289706
"1357",4.75381946191192,2.15429992647842
"1358",3.87879179674201,1.77222382742912
"1359",4.25748470239341,1.80867734015919
"1360",1.03622178779915,3.86274459655397
"1361",3.9625649957452,4.05121278716251
"1362",2.47127969749272,3.08749005314894
"1363",2.37936898949556,2.88626039517112
"1364",4.04544943710789,2.15366675751284
"1365",1.25138835981488,0.36466793040745
"1366",2.52456246176735,1.64031984168105
"1367",1.24545847298577,2.47718596365303
"1368",4.23371184617281,1.34957512142137
"1369",3.49269253085367,2.84748574369587
"1370",3.24187207384966,2.33189225080423
"1371",1.84669247828424,2.59798096260056
"1372",4.38939657644369,4.27027497324161
"1373",1.26071606413461,4.73118495778181
"1374",1.55068206135184,2.51236054231413
"1375",1.40691440436058,0.150348152965307
"1376",3.52567576686852,1.05041141971014
"1377",2.1765229315497,4.96250520809554
"1378",1.60705644870177,0.996908417437226
"1379",3.75730456900783,2.83148757298477
"1380",3.6216443637386,1.38349813525565
"1381",3.14082639873959,1.28011613036506
"1382",1.26626267330721,0.129112016875297
"1383",1.56464759842493,4.98846840346232
"1384",4.53189845080487,4.89048569346778
"1385",3.15255757886916,3.64756132476032
"1386",0.0600298645440489,2.7672128204722
"1387",2.60686261113733,2.31542432680726
"1388",3.83925572154112,2.17196979909204
"1389",4.21026919037104,0.168500443687662
"1390",0.156314845662564,0.486632081447169
"1391",0.335908388951793,1.40615660115145
"1392",4.97708895709366,2.6549278839957
"1393",0.198878484079614,0.0305377400945872
"1394",0.729767114389688,4.82414084719494
"1395",3.19178188918158,3.85216798749752
"1396",4.40786512102932,4.5787039375864
"1397",3.50964500219561,2.51674514380284
"1398",1.47442048415542,0.267147037666291
"1399",3.03149375133216,4.33242917410098
"1400",1.93821428460069,3.9281660458073
"1401",3.33627452841029,2.33004215522669
"1402",1.06116902898066,3.75574671546929
"1403",1.11012913053855,1.09705092734657
"1404",3.77795617328957,4.9076999432873
"1405",2.94243434094824,1.15494752069935
"1406",1.29459476331249,2.96596897533163
"1407",2.91948757600039,0.198016420472413
"1408",4.42524844664149,4.14058864465915
"1409",4.18631272623315,3.55052381404676
"1410",3.31767864176072,1.88120753620751
"1411",0.539351729676127,0.374915688298643
"1412",1.00015425821766,1.14432903239504
"1413",1.91455393680371,1.49198915576562
"1414",2.02132701757364,3.64996593445539
"1415",0.638372235698625,1.50919067091309
"1416",2.06751981633715,2.11934641702101
"1417",1.36750533711165,3.10588626656681
"1418",3.81486221100204,2.64156885445118
"1419",3.61563848564401,2.17875943053514
"1420",1.65304563706741,1.47992380894721
"1421",0.183561684098095,0.0975954986643046
"1422",3.0598995636683,0.112347846152261
"1423",3.92479949397966,1.30721775814891
"1424",4.63978857616894,3.7746410863474
"1425",3.51989030139521,2.57102059549652
"1426",1.9533740717452,2.28969442425296
"1427",0.589138753712177,1.64153066463768
"1428",3.83636019425467,0.585204093949869
"1429",1.09139918233268,4.00692887720652
"1430",2.19268207321875,4.73717319313437
"1431",4.78215395938605,0.943397881928831
"1432",2.07782582729124,2.27850152412429
"1433",4.90537965670228,1.87343627447262
"1434",2.56546964636073,3.82173219230026
"1435",3.48943896591663,1.96293500601314
"1436",1.3910061516799,4.49154797010124
"1437",3.27921517426148,0.421521513490006
"1438",0.951579851098359,3.24093419825658
"1439",1.26226784195751,4.00946364970878
"1440",3.89493919210508,4.9226047063712
"1441",0.927932772319764,4.60370786022395
"1442",0.151822214247659,4.08072753343731
"1443",3.50411609746516,3.48456435720436
"1444",2.90055898949504,1.18312625214458
"1445",3.64867204334587,3.44713711529039
"1446",4.91642820066772,4.92077416507527
"1447",0.147342461859807,4.85585440066643
"1448",4.89465952035971,0.530598545446992
"1449",1.48638669750653,0.702912984415889
"1450",1.11945812823251,3.56767821591347
"1451",0.620738352881745,3.47940789884888
"1452",2.24959161831066,0.219001846853644
"1453",3.30810878309421,2.852041850565
"1454",1.98205434833653,4.15032810415141
"1455",0.51567007903941,4.2213102884125
"1456",0.403865571133792,3.39386805775575
"1457",0.302109529729933,1.862049481133
"1458",4.15640371618792,3.81405412452295
"1459",1.84387025074102,3.54189647128806
"1460",1.81492580799386,1.97228336473927
"1461",0.328509393148124,3.83560048649088
"1462",4.06434914213605,4.77712798165157
"1463",0.923948909621686,0.0898333510849625
"1464",1.67500878102146,1.40961514087394
"1465",4.81883799424395,0.624295524321496
"1466",0.707621992332861,2.42833514465019
"1467",3.73987276339903,0.0411711377091706
"1468",3.59254228649661,1.47851533256471
"1469",3.39764537056908,4.61370150209405
"1470",1.93431462626904,1.65588445146568
"1471",4.53423904604279,2.79750547604635
"1472",4.98939745826647,2.09668057737872
"1473",2.06465155584738,4.84714476275258
"1474",4.04717010562308,0.863228715024889
"1475",3.72920805006288,2.92757101124153
"1476",3.69403491262347,4.54578208853491
"1477",2.6236469799187,2.00105307158083
"1478",3.09587103314698,3.23724533896893
"1479",0.470196219393983,1.24478980666026
"1480",3.01105375983752,2.42712153121829
"1481",4.24056088901125,3.01915850490332
"1482",4.79489031014964,3.81953099975362
"1483",4.9861477536615,0.0790548569057137
"1484",4.77453771280125,4.07679336029105
"1485",4.70465281861834,4.08584627090022
"1486",4.81390936882235,3.87539043556899
"1487",3.28007217613049,0.865996493957937
"1488",1.10523018287495,1.18377308244817
"1489",2.52492098952644,3.49007898010314
"1490",4.33692232123576,1.25771764782257
"1491",1.4084848749917,2.95383604243398
"1492",2.70268483436666,3.36657577427104
"1493",2.16372995171696,3.18631459260359
"1494",2.8007547382731,3.43335303477943
"1495",4.79580877698027,0.899339386960492
"1496",1.60434475517832,0.163248160388321
"1497",3.86598719051108,1.35552716208622
"1498",2.62048173230141,4.78378904168494
"1499",0.543806193163618,3.35794907878153
"1500",2.52406530780718,4.53856754931621
"1501",0.896057854406536,0.0820872012991458
"1502",0.725347286788747,4.23656516824849
"1503",4.75272501586005,0.0900964403990656
"1504",2.87869767518714,1.7735238361638
"1505",4.52196042169817,0.913351771887392
"1506",1.22049464611337,3.60585943912156
"1507",0.469390202779323,2.60409912560135
"1508",4.82706198468804,3.46656991518103
"1509",3.16473153303377,4.32275771279819
"1510",1.79517147829756,0.753294007154182
"1511",3.27547638677061,1.45923573174514
"1512",2.80982688884251,2.97092622844502
"1513",2.94291005819105,1.48711165529676
"1514",2.81554629211314,4.26802881993353
"1515",4.65267269872129,3.61962176044472
"1516",2.11430172435939,1.95796062704176
"1517",1.15283698658459,0.786344177322462
"1518",3.48545233719051,3.29339453484863
"1519",0.253247488290071,3.21094274520874
"1520",3.98671533097513,0.789311132393777
"1521",0.614338194718584,3.81698083947413
"1522",4.82223289785907,0.921693503623828
"1523",2.00076663168147,3.89847682788968
"1524",0.414220680249855,3.38158879661933
"1525",3.7638897949364,3.84611863642931
"1526",1.5156192611903,4.02058014296927
"1527",4.11122325342149,4.29899701615795
"1528",2.78028381522745,3.40467598987743
"1529",1.52056060382165,0.289615662768483
"1530",3.59734696568921,0.193557132733986
"1531",2.73259225185029,2.32711398624815
"1532",3.66675815195777,4.91385978180915
"1533",0.324856836814433,2.92792075895704
"1534",3.45990419387817,2.39936422673054
"1535",2.34818901750259,1.70424018520862
"1536",2.6254764944315,1.07881616684608
"1537",0.926475755404681,2.11110715405084
"1538",0.282352571375668,0.794705280568451
"1539",4.5368143543601,2.6609921711497
"1540",0.639029275625944,2.26054284139536
"1541",2.63571664458141,4.66082341154106
"1542",4.79065514868125,3.74141053645872
"1543",0.79916167887859,4.97270285966806
"1544",3.86347199208103,2.71090866299346
"1545",1.39490293920971,3.39281565276906
"1546",4.28714887937531,0.601534151937813
"1547",2.32283781515434,4.58220659871586
"1548",1.51698826579377,0.471083360025659
"1549",4.68047188129276,1.08975320006721
"1550",3.05935156531632,3.67799678118899
"1551",0.306007252074778,3.03441316937096
"1552",0.164294729474932,2.37441853620112
"1553",2.61675917892717,4.95496795629151
"1554",2.05135037074797,0.0466107111424208
"1555",4.06854947796091,0.602303004125133
"1556",1.67196808732115,0.904429232468829
"1557",2.6405526115559,0.44060266460292
"1558",1.51622493052855,3.13037663931027
"1559",1.30826245993376,3.6828574386891
"1560",0.815737672382966,4.05427304678597
"1561",2.07596719381399,4.70040846266784
"1562",0.597619133768603,4.93886845768429
"1563",3.98960394202732,0.241531200008467
"1564",1.50426468579099,3.61541658639908
"1565",4.05832967022434,4.296152042225
"1566",3.69985342840664,4.51868024887517
"1567",0.561672076582909,3.42369704856537
"1568",4.65151960263029,0.447142672492191
"1569",2.7312453975901,2.98875218490139
"1570",0.0316232268232852,4.76529146661051
"1571",4.84602419077419,0.989039004780352
"1572",4.61112904245965,3.68328353739344
"1573",1.17347637191415,3.77366087050177
"1574",0.786092755151913,0.854242614004761
"1575",3.80991829442792,3.57348282588646
"1576",0.0977151968982071,1.58111085416749
"1577",3.6755618173629,4.60511613520794
"1578",0.958219934254885,4.23557522357441
"1579",3.89510518289171,4.13994817179628
"1580",0.356647440930828,0.731892109615728
"1581",0.533144352957606,1.24764608219266
"1582",3.13354632933624,1.02272650692612
"1583",2.79680968262255,4.27375626284629
"1584",2.34951244667172,2.87440185900778
"1585",1.65743797784671,3.91506455023773
"1586",3.77087791333906,3.85153795359656
"1587",3.58819113462232,2.53575179260224
"1588",1.87026629690081,0.411085900850594
"1589",4.41396849695593,2.35621529631317
"1590",1.06104184524156,2.94820734765381
"1591",3.82080393610522,1.69557391782291
"1592",3.68098701233976,4.13101217127405
"1593",3.84860079037026,0.751970333512872
"1594",4.59975696401671,2.36044438788667
"1595",2.15773283271119,4.21061288681813
"1596",2.39711191272363,1.57564384746365
"1597",2.00146588380449,4.86758967046626
"1598",0.744363819248974,0.271575668593869
"1599",1.63895530509762,1.84995877789333
"1600",1.00165257696062,3.4333930304274
"1601",1.45357717410661,2.52409904147498
"1602",1.19606151245534,4.27454535616562
"1603",2.11944116279483,1.26969550852664
"1604",3.1667812820524,2.06424502539448
"1605",4.87213613116182,3.47321606823243
"1606",0.690566087141633,4.78001326671802
"1607",2.33229004661553,2.39486458944157
"1608",2.25592676084489,1.90271115861833
"1609",3.31345864804462,2.38117528962903
"1610",0.432104648789391,1.55564701999538
"1611",4.04206480947323,4.4529195362702
"1612",4.27005130797625,2.88418864482082
"1613",3.06490247952752,1.88132797484286
"1614",3.2970556919463,3.29627380589955
"1615",3.33280252758414,4.54011712456122
"1616",0.811033779755235,4.18353913002647
"1617",1.1457639967557,2.62778253643773
"1618",1.37179489596747,0.362787044141442
"1619",1.77926477626897,3.85346790659241
"1620",1.23339464538731,2.9090337222442
"1621",4.14375952677801,3.64666323526762
"1622",0.988110867328942,2.74347549770027
"1623",3.61227114102803,3.6188057390973
"1624",3.53204946499318,4.32158199255355
"1625",4.65992206474766,4.97749902307987
"1626",4.0174895641394,1.00906524225138
"1627",1.51455020764843,2.27681730408221
"1628",2.72623343276791,3.77911155228503
"1629",2.5290120288264,2.36695600673556
"1630",0.114310388453305,0.495606365147978
"1631",1.23987949918956,2.50135869020596
"1632",3.91000153380446,4.63842166122049
"1633",0.0353928364347667,3.68318937020376
"1634",1.83808030327782,0.481760028051212
"1635",3.19081065012142,0.240596163785085
"1636",0.218573319725692,2.21839078818448
"1637",1.96757519268431,2.89476645994
"1638",0.378392767161131,4.83189511462115
"1639",1.19485947769135,3.46143093542196
"1640",0.145151149481535,3.85869157733396
"1641",1.06203505885787,4.77244007284753
"1642",2.43703937157989,2.92953191208653
"1643",0.0333513075020164,1.74697546870448
"1644",1.54307876480743,4.72775233210996
"1645",3.09141939855181,1.67796108173206
"1646",4.65638912050053,1.65183388395235
"1647",4.3665613187477,1.56647768220864
"1648",4.103304768214,3.52222500252537
"1649",1.80852178949863,2.34356131753884
"1650",1.08883508713916,1.39846671023406
"1651",2.32163137989119,4.74566456046887
"1652",2.56672294111922,4.34178555733524
"1653",1.19973470340483,1.00045185303316
"1654",2.58208199986257,4.35820476152003
"1655",0.624016390647739,2.60746947606094
"1656",4.64543015346862,0.067720563383773
"1657",0.0405830831732601,1.89401536830701
"1658",1.10891030286439,2.99045386258513
"1659",3.84470840799622,2.77400619583204
"1660",2.28235961752944,1.10145795391873
"1661",0.389058780856431,1.52003789320588
"1662",4.19812603970058,3.50115178502165
"1663",1.49531936156563,0.584418040234596
"1664",2.82595417811535,0.199425357859582
"1665",4.6600315195974,4.34611963806674
"1666",2.32041621231474,4.86141188303009
"1667",1.17092590196989,0.732163935899734
"1668",2.97673796187155,4.23459506826475
"1669",1.11136735067703,4.97595055028796
"1670",3.8141519005876,1.51744815055281
"1671",4.62171693798155,1.48511395324022
"1672",1.8214560218621,4.22118966351263
"1673",0.978890295373276,4.03627789928578
"1674",3.1270486919675,3.57934237224981
"1675",1.01505230297334,1.08217684552073
"1676",4.31911038933322,0.242869968060404
"1677",2.07449219655246,1.20942558743991
"1678",4.33241435559466,2.39810975966975
"1679",3.84220541338436,2.40500304382294
"1680",0.164886302081868,0.0350832589901984
"1681",4.27647216478363,4.07862546737306
"1682",4.90644341334701,2.62477640644647
"1683",0.624173927353695,2.16019267798401
"1684",1.44124061684124,3.18379735457711
"1685",4.27611345658079,2.11187264532782
"1686",4.58551100222394,2.57218394195661
"1687",4.47831571567804,0.209341056179255
"1688",2.85175990429707,2.45790488319471
"1689",1.31337134400383,2.63116582180373
"1690",0.895000782329589,1.46397884236649
"1691",0.526060411939397,2.4493225896731
"1692",0.472313181962818,2.49012549989857
"1693",2.81514831702225,1.79541021352634
"1694",2.37515553832054,2.42264266125858
"1695",2.40853618830442,3.67686871322803
"1696",3.08627652586438,2.52795652602799
"1697",3.82159085711464,4.15933152893558
"1698",3.72479544836096,1.34873004979454
"1699",2.08727661753073,3.89221329591237
"1700",3.64776012604125,0.760007788194343
"1701",3.51170498295687,3.7218297412619
"1702",3.12408525496721,3.80798069993034
"1703",2.70467574358918,1.23438977636397
"1704",1.53616800787859,3.5040440724697
"1705",1.14016173873097,0.729785619769245
"1706",2.682198532857,0.54953905637376
"1707",2.26539044408128,2.1433859388344
"1708",2.5156561715994,3.41165328281932
"1709",1.37942822417244,0.934104763437063
"1710",2.92741353972815,3.83543050382286
"1711",3.14545001718216,4.7637718601618
"1712",1.31346423295327,1.06970255379565
"1713",0.716273990692571,0.71678537176922
"1714",0.738332474138588,3.41791950631887
"1715",0.266760772792622,2.57077704300173
"1716",4.31828923989087,2.75381068233401
"1717",4.68321303138509,0.646945134503767
"1718",3.44453187775798,3.60752829001285
"1719",4.37634315923788,0.301940290955827
"1720",0.505240006605163,4.79827708099037
"1721",2.14109706226736,4.17248918674886
"1722",2.31071151676588,4.41570880939253
"1723",4.4483574165497,3.63852799637243
"1724",2.55172495380975,2.91014077607542
"1725",3.76160067389719,1.81102201226167
"1726",2.5838072411716,1.97392810834572
"1727",1.74990884261206,0.277940093073994
"1728",3.15176626900211,1.25191533588804
"1729",0.429212035378441,2.14456224231981
"1730",2.05908186384477,4.76914055761881
"1731",4.22993606771342,0.188177068484947
"1732",4.93102728272788,3.90540699125268
"1733",0.139167291345075,3.97200367413461
"1734",0.244654016569257,1.79052446736023
"1735",4.25135149736889,4.77332476875745
"1736",1.90968747599982,0.402966818073764
"1737",1.17023482918739,2.39730866625905
"1738",1.73627067939378,1.23003073036671
"1739",1.17361024720594,1.77792771602981
"1740",0.0854464212898165,1.46806310513057
"1741",3.85229960316792,4.86949921236373
"1742",0.808155382983387,0.270218459190801
"1743",1.9551588431932,1.21454721316695
"1744",3.27314387308434,1.89172918093391
"1745",1.92260768963024,2.44279950275086
"1746",2.45634773746133,4.23535260255449
"1747",3.90637008822523,3.47950480761938
"1748",3.00537490402348,3.98151393281296
"1749",1.77611436811276,0.313464428763837
"1750",0.115393963642418,3.34487182204612
"1751",2.02317801653408,0.154382110340521
"1752",4.59161310456693,3.16476598149166
"1753",1.8731130589731,2.87443331442773
"1754",4.89405677188188,3.48838769597933
"1755",3.66924489033408,0.95004842733033
"1756",2.92106101289392,4.84860404161736
"1757",0.8104106283281,2.09896163549274
"1758",0.961502505233511,4.85775048611686
"1759",1.82597651612014,4.33323123492301
"1760",3.18099024239928,0.158013793407008
"1761",0.363432088633999,0.249748263740912
"1762",3.95045838318765,1.37810914427973
"1763",0.326798035530373,1.96530300774612
"1764",2.9452178790234,4.18452244368382
"1765",3.67326845880598,4.48590277810581
"1766",1.4057365548797,0.60303236823529
"1767",0.976338108303025,2.04512648051605
"1768",4.63127994094975,2.66806388855912
"1769",2.41330607095733,3.84166285861284
"1770",0.471505522727966,2.04338987125084
"1771",0.817760640056804,4.1226520598866
"1772",3.86395092820749,3.00182659295388
"1773",0.1350613089744,2.21065688878298
"1774",4.83265416463837,4.82354290899821
"1775",4.4125094532501,1.59870881820098
"1776",1.79457666585222,3.97247489076108
"1777",4.12328923936002,1.64117273176089
"1778",3.23761101113632,4.21303358511068
"1779",2.82334198593162,2.67409137450159
"1780",3.53730087983422,4.3454790872056
"1781",4.35782073647715,0.295787809882313
"1782",1.40532603487372,3.87931335601024
"1783",2.5344988820143,3.03189325029962
"1784",3.0598679871764,3.01854106946848
"1785",1.39903108240105,1.79621593910269
"1786",2.29712895001285,1.76536400686018
"1787",4.47410753695294,2.27564413566142
"1788",0.593765784287825,4.51375196571462
"1789",0.915199719602242,4.75201282650232
"1790",4.59630182594992,4.54373270389624
"1791",2.37669185386039,4.66884779627435
"1792",4.18696717591956,4.1604032588657
"1793",3.90185119351372,1.17029631976038
"1794",4.69038226641715,3.39489664300345
"1795",1.12489560386166,1.71778322546743
"1796",1.81786704808474,3.68147730012424
"1797",0.777535341912881,1.82015203521587
"1798",4.51035295496695,1.60480847232975
"1799",4.3096602987498,4.82106734532863
"1800",2.74123209994286,1.91836477606557
"1801",4.88083105534315,1.08713321620598
"1802",0.135254537453875,2.0719923870638
"1803",4.32406549807638,1.19607807719149
"1804",1.35594191262498,0.289329580264166
"1805",0.0602929259184748,2.16188541147858
"1806",4.26510374178179,2.31226768228225
"1807",2.86869389005005,4.54818570520729
"1808",0.667604473419487,1.47297298302874
"1809",0.540960120270029,1.99776448775083
"1810",0.231250540819019,4.76832813816145
"1811",1.11685634823516,4.30744104553014
"1812",2.53186583053321,2.70574699621648
"1813",4.36229625716805,3.07026057387702
"1814",0.396636778023094,1.51488625677302
"1815",1.62424408015795,1.43889564787969
"1816",0.0785730418283492,4.21038321452215
"1817",1.6622932779137,4.54361208947375
"1818",3.89416643301956,0.926852120319381
"1819",3.20930198766291,4.48113743099384
"1820",2.99982739146799,3.51284609758295
"1821",0.0341319479048252,0.43140749563463
"1822",1.8445603584405,0.81033295369707
"1823",2.11986571201123,0.110470721265301
"1824",1.20989510556683,3.92268924042583
"1825",0.234371486585587,3.31347490544431
"1826",4.53154441551305,3.45709685236216
"1827",3.93644932890311,1.5581673476845
"1828",3.37015017867088,3.56995556969196
"1829",0.224859941517934,4.4563024234958
"1830",0.917890192940831,2.34430691692978
"1831",2.88396947784349,0.888993153348565
"1832",2.00846285326406,4.77364678983577
"1833",1.3540324207861,2.59383327094838
"1834",2.3238559323363,2.46037889970466
"1835",0.296959335682914,3.87020131689496
"1836",1.23628466622904,4.91808870341629
"1837",3.01625461666845,2.52048486843705
"1838",1.02439944050275,2.94803834171034
"1839",0.020511660259217,0.423524450743571
"1840",1.70456291409209,2.56951722549275
"1841",1.50037383544259,1.59874599776231
"1842",2.36314131179824,3.19544955622405
"1843",0.409796625608578,4.62452708976343
"1844",2.96638443483971,1.95539403241128
"1845",1.90649111988023,4.18539772392251
"1846",0.855077488813549,4.5618535450194
"1847",2.44080846547149,3.62084037275054
"1848",0.705308618489653,3.85163392056711
"1849",1.68655826360919,4.2171200690791
"1850",3.09828680474311,4.13169276085682
"1851",3.73467005556449,1.85740596149117
"1852",4.43448775215074,1.60539586911909
"1853",1.30636826856062,2.1674257540144
"1854",3.29085833858699,1.89108712016605
"1855",2.78401750954799,4.05659595620818
"1856",0.615682966308668,0.28184206224978
"1857",2.99272078089416,2.79758774559014
"1858",2.9716297716368,3.42014969908632
"1859",1.06817557942122,0.784034782554954
"1860",2.36714372877032,4.31554517359473
"1861",1.74697984941304,0.166967654367909
"1862",3.55778969824314,0.0158318574540317
"1863",1.45281483768485,2.44023993378505
"1864",0.822742284508422,4.63452624040656
"1865",3.80275913630612,2.3730355699081
"1866",1.53398182010278,3.40757668018341
"1867",3.50550412782468,1.655515760649
"1868",0.65476028714329,2.07422007108107
"1869",4.19442953891121,4.54421228379942
"1870",1.44233681960031,0.942615340463817
"1871",1.86936060432345,0.806430820375681
"1872",3.88428436359391,0.354285364737734
"1873",0.86857958114706,3.77293846220709
"1874",2.96143083251081,2.02879409189336
"1875",2.10176225635223,0.576499237213284
"1876",0.682642395840958,3.43448163708672
"1877",2.23556615877897,3.91161532374099
"1878",0.791662664851174,1.25907728099264
"1879",3.47699420293793,4.07017190940678
"1880",3.10373765532859,2.75693571427837
"1881",3.37714472785592,1.31282211281359
"1882",1.71904516522773,1.23288464848883
"1883",0.954780158353969,2.88060615537688
"1884",3.57599564595148,1.72714477172121
"1885",2.96177768497728,2.616084611509
"1886",0.992207612143829,2.88139582844451
"1887",2.55072772502899,1.03017896297388
"1888",0.583368401275948,4.27436289493926
"1889",4.28098944132216,1.93846814916469
"1890",1.19937414070591,2.28940393775702
"1891",2.84990395186469,0.501909287413582
"1892",1.05634847772308,2.02089971280657
"1893",0.0210162834264338,4.64897810830735
"1894",3.24659653124399,1.15575018688105
"1895",2.65360539429821,0.636864716652781
"1896",0.252101701917127,4.07412021537311
"1897",3.48705289070494,0.711264826823026
"1898",4.43957103299908,3.28415432712063
"1899",2.90471073356457,1.88457015552558
"1900",4.23278056201525,2.54321896703914
"1901",1.3175049435813,3.78502933075652
"1902",1.12140341894701,3.51282301708125
"1903",3.48888142500073,1.51484382105991
"1904",4.98362638405524,4.75969225983135
"1905",4.70814692904241,1.02143083931878
"1906",0.251246753614396,4.85844879760407
"1907",4.84456358244643,3.08444768423215
"1908",2.35586975933984,3.50059946416877
"1909",0.685306639643386,2.03911296557635
"1910",4.58523943787441,3.35122501594014
"1911",0.529182512545958,3.3400927844923
"1912",3.79352642921731,0.729604494990781
"1913",0.0832114601507783,0.949108590139076
"1914",2.88954204064794,2.54992883070372
"1915",2.73741650860757,4.54627310857177
"1916",1.69359041028656,2.34072138904594
"1917",4.31315059191547,0.365718269022182
"1918",0.140593012329191,3.11644929111935
"1919",3.00624861847609,0.733713158406317
"1920",2.32578924275003,4.91183656151406
"1921",0.129217531066388,2.38412832375616
"1922",2.44679757626727,2.38974881358445
"1923",0.351526546292007,4.02425950858742
"1924",3.81347235059366,0.610935122240335
"1925",1.22280414099805,1.97986426646821
"1926",2.18078145291656,1.68335225083865
"1927",1.82356616831385,0.344268539920449
"1928",3.61486691515893,3.53456747718155
"1929",2.40015329909511,2.18863912974484
"1930",0.647933611180633,2.88595387130044
"1931",1.75083241891116,2.5277513160836
"1932",4.4936370337382,0.916728142183274
"1933",4.84308855026029,1.28444129601121
"1934",3.22247470845468,2.55989460740238
"1935",3.03680879645981,2.44196575484239
"1936",0.0945522030815482,4.34027035254985
"1937",0.14003996970132,2.58788357372396
"1938",0.316449170932174,4.44504321087152
"1939",0.641689525218681,0.0905768666416407
"1940",3.67773249861784,4.83781004440971
"1941",2.42814479744993,0.112183379242197
"1942",3.74356213025749,2.78983903001063
"1943",1.94930288125761,4.01828273315914
"1944",1.12895537051372,0.0538736465387046
"1945",4.2519757268019,3.74901944189332
"1946",2.66262950259261,1.61845730966888
"1947",2.06316419644281,0.0769528246019036
"1948",1.92550961161032,4.27739987499081
"1949",0.0867496011778712,1.83843514183536
"1950",4.60051021189429,4.23272262094542
"1951",0.172774251550436,2.06266731605865
"1952",4.20605550520122,0.578268317040056
"1953",3.52978928945959,4.16143166599795
"1954",3.01680778618902,1.35270201601088
"1955",3.06488348520361,3.19398912251927
"1956",1.44749318365939,1.74843580694869
"1957",3.96729862666689,4.49018796440214
"1958",0.929462927160785,1.5997189853806
"1959",0.405130188446492,4.76311622769572
"1960",1.50357920094393,0.024566367501393
"1961",3.54878412443213,1.09068249701522
"1962",1.02774360915646,2.78491877019405
"1963",0.221162323141471,3.82974517531693
"1964",4.90441670175642,3.19738160818815
"1965",1.52697353623807,4.81906438595615
"1966",3.48743151989765,4.11845272406936
"1967",1.30138142150827,3.58339586877264
"1968",0.182786413934082,1.20694625307806
"1969",3.89112728997134,0.44731377158314
"1970",2.98142144805752,1.31660118699074
"1971",2.16395069728605,3.86325100320391
"1972",4.20442941831425,1.1244494037237
"1973",2.2738885669969,1.74388569779694
"1974",0.929398904554546,0.657094897469506
"1975",3.47180019249208,1.43741382053122
"1976",1.21312667382881,1.131478123134
"1977",4.85113584436476,4.27997327409685
"1978",1.20989256072789,2.56017997162417
"1979",3.65441379835829,1.00609190994874
"1980",2.68049072357826,2.99155927961692
"1981",4.95509487343952,1.6447018715553
"1982",1.99968688539229,2.72664652089588
"1983",2.96798888710327,1.65844559436664
"1984",4.81270043062977,4.7617905260995
"1985",3.74510025139898,3.68366888724267
"1986",0.692695180187002,2.91827646666206
"1987",3.85430036927573,2.73951222770847
"1988",2.32313622836955,4.76047568721697
"1989",3.3992861979641,3.12391366693191
"1990",3.96916230791248,4.96216521714814
"1991",0.738347409060225,4.22478046501055
"1992",2.3070884111803,3.78184379194863
"1993",4.01067748549394,3.73951768502593
"1994",1.18480468052439,1.24473337898962
"1995",2.49300832510926,0.240778782172129
"1996",2.91683936025947,3.88001284562051
"1997",4.3049344571773,0.160548248095438
"1998",4.2935567907989,3.15087141934782
"1999",2.78216843376867,2.17317763133906
"2000",3.85684104985557,4.38908244250342
